{
	"info": {
		"_postman_id": "tentera-api-collection",
		"name": "Tentera API",
		"description": "Collection for testing Tentera API endpoints",
		"schema": "https://schema.getpostman.com/json/collection/v2.1.0/collection.json"
	},
	"item": [
		{
			"name": "Account Registration",
			"request": {
				"method": "POST",
				"header": [
					{
						"key": "Content-Type",
						"value": "application/json"
					}
				],
				"body": {
					"mode": "raw",
					"raw": "{\n    \"firstName\": \"John\",\n    \"lastName\": \"Doe\",\n    \"email\": \"john.doe@example.com\",\n    \"phoneNumber\": \"+60123456789\",\n    \"icNumber\": \"900101-01-1234\",\n    \"hasAcceptedPrivacyPolicy\": true\n}"
				},
				"url": {
					"raw": "{{baseUrl}}/api/account/register",
					"host": ["{{baseUrl}}"],
					"path": ["api", "account", "register"]
				},
				"description": "Register a new account with personal information"
			}
		},
		{
			"name": "Send Email Verification Code",
			"request": {
				"method": "POST",
				"header": [
					{
						"key": "Content-Type",
						"value": "application/json"
					}
				],
				"body": {
					"mode": "raw",
					"raw": "{\n    \"icNumber\": \"900101-01-1234\"\n}"
				},
				"url": {
					"raw": "{{baseUrl}}/api/account/send-email-code",
					"host": ["{{baseUrl}}"],
					"path": ["api", "account", "send-email-code"]
				},
				"description": "Send verification code to email address"
			}
		},
		{
			"name": "Send Mobile Verification Code",
			"request": {
				"method": "POST",
				"header": [
					{
						"key": "Content-Type",
						"value": "application/json"
					}
				],
				"body": {
					"mode": "raw",
					"raw": "{\n    \"icNumber\": \"900101-01-1234\"\n}"
				},
				"url": {
					"raw": "{{baseUrl}}/api/account/send-mobile-code",
					"host": ["{{baseUrl}}"],
					"path": ["api", "account", "send-mobile-code"]
				},
				"description": "Send verification code to mobile number"
			}
		},
		{
			"name": "Verify Code",
			"request": {
				"method": "POST",
				"header": [
					{
						"key": "Content-Type",
						"value": "application/json"
					}
				],
				"body": {
					"mode": "raw",
					"raw": "{\n    \"code\": \"123456\",\n    \"icNumber\": \"900101-01-1234\",\n    \"type\": \"EMAIL\"\n}"
				},
				"url": {
					"raw": "{{baseUrl}}/api/account/verify-code",
					"host": ["{{baseUrl}}"],
					"path": ["api", "account", "verify-code"]
				},
				"description": "Verify the code sent to email or mobile"
			}
		},
		{
			"name": "Create PIN",
			"request": {
				"method": "POST",
				"header": [
					{
						"key": "Content-Type",
						"value": "application/json"
					}
				],
				"body": {
					"mode": "raw",
					"raw": "{\n    \"icNumber\": \"900101-01-1234\",\n    \"pinHash\": \"$2a$11$YourHashedPinHere\"\n}"
				},
				"url": {
					"raw": "{{baseUrl}}/api/account/create-pin",
					"host": ["{{baseUrl}}"],
					"path": ["api", "account", "create-pin"]
				},
				"description": "Create or update PIN for the account"
			}
		},
		{
			"name": "Login",
			"request": {
				"method": "POST",
				"header": [
					{
						"key": "Content-Type",
						"value": "application/json"
					}
				],
				"body": {
					"mode": "raw",
					"raw": "{\n    \"icNumber\": \"900101-01-1234\",\n    \"pinHash\": \"$2a$11$YourHashedPinHere\",\n    \"useFaceBiometric\": true,\n    \"useFingerprintBiometric\": false\n}"
				},
				"url": {
					"raw": "{{baseUrl}}/api/account/login",
					"host": ["{{baseUrl}}"],
					"path": ["api", "account", "login"]
				},
				"description": "Login to the account using PIN or biometric"
			}
		},
		{
			"name": "Manage Face Biometric",
			"request": {
				"method": "POST",
				"header": [
					{
						"key": "Content-Type",
						"value": "application/json"
					}
				],
				"body": {
					"mode": "raw",
					"raw": "{\n    \"icNumber\": \"900101-01-1234\",\n    \"enable\": true\n}"
				},
				"url": {
					"raw": "{{baseUrl}}/api/account/biometric/face",
					"host": ["{{baseUrl}}"],
					"path": ["api", "account", "biometric", "face"]
				},
				"description": "Enable or disable face biometric authentication"
			}
		},
		{
			"name": "Manage Fingerprint Biometric",
			"request": {
				"method": "POST",
				"header": [
					{
						"key": "Content-Type",
						"value": "application/json"
					}
				],
				"body": {
					"mode": "raw",
					"raw": "{\n    \"icNumber\": \"900101-01-1234\",\n    \"enable\": true\n}"
				},
				"url": {
					"raw": "{{baseUrl}}/api/account/biometric/fingerprint",
					"host": ["{{baseUrl}}"],
					"path": ["api", "account", "biometric", "fingerprint"]
				},
				"description": "Enable or disable fingerprint biometric authentication"
			}
		}
	],
	"variable": [
		{
			"key": "baseUrl",
			"value": "http://localhost:5291",
			"type": "string"
		}
	]
} 